CustomerID,Drivers_License_Number,First_Name,Last_Name,Street_Address,Apartment,Zip_Code,Phone_Number,Email_Address
1,DL240549,Michael,Brown,3954 Main St,Apt 1,10007,267-391-3975,michael.brown@gmail.com
2,DL943262,Daniel,Garcia,2016 Main St,Suite 3,10009,690-161-6184,daniel.garcia@outlook.com
3,DL197141,Matthew,Davis,4264 Main St,Apt 1,10002,864-601-9690,matthew.davis@outlook.com
4,DL846351,Sarah,Martinez,6190 Main St,,10006,763-531-4888,sarah.martinez@gmail.com
5,DL443350,Sarah,Rodriguez,5887 Main St,Apt 2,10008,840-280-2855,sarah.rodriguez@yahoo.com
6,DL657718,Sophia,Garcia,4393 Main St,Apt 2,10004,991-340-6673,sophia.garcia@outlook.com
7,DL167315,Michael,Rodriguez,1031 Main St,Apt 2,10006,502-718-8123,michael.rodriguez@outlook.com
8,DL755263,Daniel,Brown,9939 Main St,Apt 1,10006,745-858-8409,daniel.brown@yahoo.com
9,DL122820,Sarah,Martinez,9135 Main St,Apt 2,10006,908-240-9693,sarah.martinez@yahoo.com
10,DL497718,Daniel,Martinez,5751 Main St,Apt 2,10005,353-923-6917,daniel.martinez@outlook.com
11,DL911080,Sophia,Brown,8887 Main St,Suite 3,10004,133-479-2288,sophia.brown@gmail.com
12,DL385157,Daniel,Davis,1855 Main St,,10009,554-829-8429,daniel.davis@yahoo.com
13,DL116325,Daniel,Martinez,7105 Main St,,10009,684-632-4351,daniel.martinez@outlook.com
14,DL178575,Sarah,Miller,3421 Main St,,10005,762-536-6067,sarah.miller@outlook.com
15,DL286644,David,Davis,1145 Main St,Apt 2,10003,549-432-3025,david.davis@outlook.com
16,DL718452,Matthew,Miller,9900 Main St,Apt 2,10002,659-294-7999,matthew.miller@outlook.com
17,DL188965,Emma,Smith,8252 Main St,Suite 3,10001,490-597-4385,emma.smith@yahoo.com
18,DL628889,Sarah,Jones,3175 Main St,Apt 1,10005,700-122-1847,sarah.jones@outlook.com
19,DL874917,Sarah,Rodriguez,4725 Main St,Apt 2,10005,643-240-6551,sarah.rodriguez@outlook.com
20,DL127497,Emma,Rodriguez,6768 Main St,,10009,360-625-7676,emma.rodriguez@yahoo.com
21,DL950182,Emma,Williams,1789 Main St,Suite 3,10007,530-242-6075,emma.williams@gmail.com
22,DL102986,Emily,Smith,9976 Main St,,10008,492-333-7680,emily.smith@yahoo.com
23,DL590200,Emma,Jones,4858 Main St,Apt 1,10002,171-655-2519,emma.jones@yahoo.com
24,DL201418,Sophia,Garcia,9916 Main St,Apt 2,10007,165-939-1198,sophia.garcia@yahoo.com
25,DL463569,Michael,Williams,3783 Main St,,10007,728-598-6879,michael.williams@gmail.com
26,DL509088,Michael,Rodriguez,6288 Main St,Suite 3,10003,626-455-3372,michael.rodriguez@outlook.com
27,DL993615,Emma,Davis,4997 Main St,,10007,270-297-6751,emma.davis@gmail.com
28,DL473083,John,Smith,6365 Main St,Apt 2,10003,220-697-4419,john.smith@gmail.com
29,DL499480,Sophia,Brown,6669 Main St,Apt 1,10007,955-793-8523,sophia.brown@outlook.com
30,DL933885,Matthew,Smith,2462 Main St,Suite 3,10002,732-179-9438,matthew.smith@outlook.com
31,DL196654,Matthew,Brown,185 Main St,Apt 2,10004,743-283-4355,matthew.brown@gmail.com
32,DL257439,Emma,Rodriguez,4172 Main St,Apt 1,10003,665-591-5193,emma.rodriguez@outlook.com
33,DL642057,Emily,Martinez,3015 Main St,Apt 1,10005,662-281-7306,emily.martinez@outlook.com
34,DL743878,Daniel,Johnson,6745 Main St,Apt 2,10001,854-771-3788,daniel.johnson@outlook.com
35,DL680988,Daniel,Williams,3663 Main St,Suite 3,10009,532-587-3752,daniel.williams@yahoo.com
36,DL817757,Daniel,Rodriguez,7817 Main St,Apt 2,10009,537-903-3992,daniel.rodriguez@yahoo.com
37,DL816424,Michael,Miller,9674 Main St,Apt 1,10007,384-699-3521,michael.miller@gmail.com
38,DL214881,Sarah,Martinez,6575 Main St,Apt 1,10009,180-460-8953,sarah.martinez@gmail.com
39,DL878237,John,Garcia,3638 Main St,Apt 2,10000,970-281-4760,john.garcia@yahoo.com
40,DL658878,Matthew,Davis,6465 Main St,,10002,454-164-5516,matthew.davis@yahoo.com
41,DL903944,Emily,Miller,6476 Main St,Suite 3,10005,827-849-3929,emily.miller@yahoo.com
42,DL980677,John,Rodriguez,4597 Main St,Apt 1,10006,666-600-7168,john.rodriguez@gmail.com
43,DL672094,Sophia,Brown,5850 Main St,Suite 3,10008,401-695-4774,sophia.brown@gmail.com
44,DL266854,John,Miller,720 Main St,Apt 2,10002,769-510-2032,john.miller@yahoo.com
45,DL152219,Sophia,Rodriguez,2960 Main St,,10008,246-580-3413,sophia.rodriguez@outlook.com
46,DL741499,Emma,Rodriguez,6776 Main St,Apt 2,10004,582-348-8156,emma.rodriguez@outlook.com
47,DL800628,Daniel,Miller,8122 Main St,Apt 2,10000,235-415-4009,daniel.miller@gmail.com
48,DL305683,Emma,Miller,4492 Main St,Apt 2,10005,567-826-5911,emma.miller@outlook.com
49,DL185159,Sarah,Brown,176 Main St,Apt 2,10006,766-203-5215,sarah.brown@gmail.com
50,DL565332,Emily,Davis,7125 Main St,Apt 1,10008,795-562-7996,emily.davis@outlook.com
51,DL308379,Emma,Miller,3540 Main St,Apt 1,10009,896-202-5691,emma.miller@yahoo.com
52,DL533924,Daniel,Williams,6171 Main St,Apt 1,10003,668-155-9601,daniel.williams@yahoo.com
53,DL172309,Michael,Martinez,6534 Main St,Apt 1,10007,526-302-9852,michael.martinez@yahoo.com
54,DL474198,Sophia,Smith,2953 Main St,Suite 3,10003,509-944-5819,sophia.smith@yahoo.com
55,DL535314,Emma,Garcia,9959 Main St,Apt 1,10001,819-414-1894,emma.garcia@yahoo.com
56,DL577509,Daniel,Rodriguez,2898 Main St,,10001,723-972-8939,daniel.rodriguez@outlook.com
57,DL142982,Sophia,Williams,312 Main St,Suite 3,10003,927-785-8647,sophia.williams@gmail.com
58,DL671121,Emma,Johnson,6755 Main St,Apt 2,10007,983-820-5243,emma.johnson@outlook.com
59,DL179163,Sarah,Smith,7225 Main St,,10009,660-514-2038,sarah.smith@gmail.com
60,DL128611,Emily,Martinez,3853 Main St,Suite 3,10001,824-393-2864,emily.martinez@yahoo.com
61,DL737450,Daniel,Williams,1952 Main St,Suite 3,10008,600-248-5868,daniel.williams@gmail.com
62,DL421328,Emma,Rodriguez,5869 Main St,,10006,272-848-1098,emma.rodriguez@outlook.com
63,DL813198,Emily,Johnson,5202 Main St,Apt 1,10002,214-296-8219,emily.johnson@outlook.com
64,DL363185,Emma,Jones,6343 Main St,Apt 2,10009,324-705-2341,emma.jones@yahoo.com
65,DL143362,David,Rodriguez,8834 Main St,Suite 3,10004,559-421-7464,david.rodriguez@gmail.com
66,DL831951,Matthew,Jones,957 Main St,Apt 1,10008,656-786-1399,matthew.jones@gmail.com
67,DL401670,Emily,Miller,1422 Main St,Apt 1,10000,482-238-4577,emily.miller@gmail.com
68,DL802319,Emily,Johnson,9305 Main St,Apt 2,10007,424-237-6765,emily.johnson@yahoo.com
69,DL776771,Sarah,Garcia,9076 Main St,Apt 1,10009,465-545-5684,sarah.garcia@yahoo.com
70,DL626160,Michael,Williams,2029 Main St,Suite 3,10004,690-612-9002,michael.williams@yahoo.com
71,DL106858,Jessica,Davis,8824 Main St,Apt 1,10008,708-598-9252,jessica.davis@yahoo.com
72,DL281530,Michael,Jones,8026 Main St,Apt 1,10006,180-374-9066,michael.jones@outlook.com
73,DL109633,David,Jones,2787 Main St,,10005,188-866-2741,david.jones@yahoo.com
74,DL722451,Michael,Garcia,1298 Main St,,10006,769-594-6961,michael.garcia@yahoo.com
75,DL364034,Sarah,Davis,2586 Main St,Apt 2,10001,106-283-7609,sarah.davis@yahoo.com
76,DL448490,Daniel,Johnson,8800 Main St,Suite 3,10004,485-768-8716,daniel.johnson@outlook.com
77,DL149348,Sarah,Williams,6135 Main St,,10002,654-703-7516,sarah.williams@outlook.com
78,DL864972,Emily,Williams,6023 Main St,Apt 2,10000,483-801-8236,emily.williams@gmail.com
79,DL952587,Sophia,Garcia,2986 Main St,,10008,628-382-4543,sophia.garcia@outlook.com
80,DL925064,John,Davis,3982 Main St,Apt 2,10009,888-418-3531,john.davis@yahoo.com
81,DL399545,Michael,Smith,8086 Main St,Apt 1,10008,296-200-9820,michael.smith@gmail.com
82,DL590088,Sarah,Garcia,4713 Main St,Apt 1,10003,180-370-1771,sarah.garcia@gmail.com
83,DL437507,David,Miller,9999 Main St,,10000,923-426-6423,david.miller@yahoo.com
84,DL957707,Matthew,Jones,5887 Main St,Apt 2,10008,858-105-2925,matthew.jones@yahoo.com
85,DL198580,Daniel,Smith,3814 Main St,Apt 1,10009,522-453-9603,daniel.smith@gmail.com
86,DL938723,John,Smith,2346 Main St,Apt 1,10002,549-948-6550,john.smith@gmail.com
87,DL879399,Matthew,Jones,9218 Main St,Suite 3,10005,423-488-1342,matthew.jones@yahoo.com
88,DL521061,Daniel,Williams,8039 Main St,Apt 2,10001,793-824-8546,daniel.williams@outlook.com
89,DL684073,Emily,Smith,7652 Main St,Apt 1,10009,278-191-7723,emily.smith@yahoo.com
90,DL886538,Matthew,Rodriguez,1979 Main St,Apt 1,10003,216-109-9629,matthew.rodriguez@yahoo.com
91,DL611199,Emma,Jones,3237 Main St,Suite 3,10005,638-824-3826,emma.jones@yahoo.com
92,DL369731,Michael,Miller,6297 Main St,Apt 1,10006,308-177-6560,michael.miller@yahoo.com
93,DL697400,David,Davis,6260 Main St,Apt 2,10007,102-941-6408,david.davis@gmail.com
94,DL507803,Sarah,Miller,2847 Main St,,10005,678-315-3688,sarah.miller@outlook.com
95,DL852430,Daniel,Garcia,3782 Main St,Apt 1,10006,820-543-6844,daniel.garcia@outlook.com
96,DL985245,Emma,Johnson,6001 Main St,Apt 1,10005,776-310-8529,emma.johnson@yahoo.com
97,DL625442,Emma,Garcia,310 Main St,Suite 3,10000,453-369-1248,emma.garcia@outlook.com
98,DL573213,Michael,Davis,5725 Main St,Apt 1,10009,564-101-1535,michael.davis@gmail.com
99,DL300099,Michael,Martinez,7565 Main St,,10002,736-681-2181,michael.martinez@yahoo.com
100,DL243455,Emma,Davis,4978 Main St,,10005,380-885-8594,emma.davis@outlook.com
